Sample,source,sample_type,Batch,Definition,Coverage,# Reads,Contamination,low_coverage,low_quality_assembly,Final tree
20211116alt1,wastewater,esblecoli,batch1,unique,75,625025,no,no,no,yes
20211116alt2,wastewater,esblecoli,batch1,unique,61,505284,no,no,no,yes
20211116alt3,wastewater,esblecoli,batch1,unique,75,628806,no,no,no,yes
20211116alt4,wastewater,esblecoli,batch1,unique,76,636952,no,no,no,yes
20211116chu1,wastewater,esblecoli,batch1,unique,65,542789,no,no,no,yes
20211116chu2,wastewater,esblecoli,batch1,unique,59,494282,no,no,no,yes
20211116chu3,wastewater,esblecoli,batch1,unique,72,601939,no,no,no,yes
20211116chu4,wastewater,esblecoli,batch1,unique,63,528275,no,no,no,yes
20211116gen2,wastewater,esblecoli,batch1,unique,59,488566,no,no,no,yes
20211116gen3,wastewater,esblecoli,batch1,unique,84,702820,no,no,no,yes
20211116gen4,wastewater,esblecoli,batch1,unique,60,496269,no,no,no,yes
20211116lug1,wastewater,esblecoli,batch1,unique,46,383645,no,no,no,yes
20211116lug2,wastewater,esblecoli,batch1,unique,48,403345,no,no,no,yes
20211116lug3,wastewater,esblecoli,batch1,unique,50,417355,no,no,no,yes
20211116lug4,wastewater,esblecoli,batch1,unique,58,483261,no,no,no,yes
20211116sen1,wastewater,esblecoli,batch1,unique,53,443946,no,no,no,yes
20211116sen2,wastewater,esblecoli,batch1,unique,56,465998,no,no,no,yes
20211116sen3,wastewater,esblecoli,batch1,unique,59,495723,no,no,no,yes
20211116sen4,wastewater,esblecoli,batch1,unique,65,539925,no,no,no,yes
20211116zur1,wastewater,esblecoli,batch1,unique,47,391838,no,no,no,yes
20211116zur2,wastewater,esblecoli,batch1,unique,50,420738,no,no,no,yes
20211116zur3,wastewater,esblecoli,batch1,unique,46,379490,no,no,no,yes
20211116zur4,wastewater,esblecoli,batch1,unique,46,380477,no,no,no,yes
20211123alt1,wastewater,esblecoli,batch1,unique,52,433635,no,no,no,yes
20211123alt2,wastewater,esblecoli,batch1,unique,50,417219,no,no,no,yes
20211123alt3,wastewater,esblecoli,batch1,unique,47,391725,no,no,no,yes
20211123chu1,wastewater,esblecoli,batch1,unique,47,393633,no,no,no,yes
20211123chu2,wastewater,esblecoli,batch1,unique,45,377320,no,no,no,yes
20211123chu3,wastewater,esblecoli,batch1,unique,40,333220,no,no,no,yes
20211123chu4,wastewater,esblecoli,batch1,unique,47,391126,no,no,no,yes
20211123gen1,wastewater,esblecoli,batch1,unique,47,389946,no,no,no,yes
20211123gen2,wastewater,esblecoli,batch1,unique,50,419421,no,no,no,yes
20211123gen3,wastewater,esblecoli,batch1,unique,49,406041,no,no,no,yes
20211123lug1,wastewater,esblecoli,batch1,unique,47,390712,no,no,no,yes
20211123lug2,wastewater,esblecoli,batch1,unique,43,362447,no,no,no,yes
20211123lug3,wastewater,esblecoli,batch1,unique,46,385295,no,no,no,yes
20211123sen1,wastewater,esblecoli,batch1,unique,43,357406,no,no,no,yes
20211123sen2,wastewater,esblecoli,batch1,unique,52,429653,no,no,no,yes
20211123sen3,wastewater,esblecoli,batch1,unique,59,487763,no,no,no,yes
20211123zur1,wastewater,esblecoli,batch1,unique,41,345494,no,no,no,yes
20211123zur2,wastewater,esblecoli,batch1,unique,39,324300,no,no,no,yes
20211123zur3,wastewater,esblecoli,batch1,unique,46,380179,no,no,no,yes
20211123zur4,wastewater,esblecoli,batch1,unique,37,308905,no,no,no,yes
20211214alt2,wastewater,esblecoli,batch1,unique,43,357739,no,no,no,yes
20211214alt3,wastewater,esblecoli,batch1,unique,50,417121,no,no,no,yes
20211214alt4,wastewater,esblecoli,batch1,unique,46,379722,no,no,no,yes
20211214chu1,wastewater,esblecoli,batch1,unique,36,296233,no,no,no,yes
20211214chu2,wastewater,esblecoli,batch1,unique,37,305319,no,no,no,yes
20211214chu3,wastewater,esblecoli,batch1,unique,43,356582,no,no,no,yes
20211214chu4,wastewater,esblecoli,batch1,unique,39,323341,no,no,no,yes
20211214gen1,wastewater,esblecoli,batch1,unique,44,367823,no,no,no,yes
20211214gen2,wastewater,esblecoli,batch1,unique,43,361847,no,no,no,yes
20211214gen3,wastewater,esblecoli,batch1,unique,50,420668,no,no,no,yes
20211214gen4,wastewater,esblecoli,batch1,unique,54,450721,no,no,no,yes
20211214lug1,wastewater,esblecoli,batch1,unique,38,314627,no,no,no,yes
20211214lug2,wastewater,esblecoli,batch1,unique,45,371265,no,no,no,yes
20211214lug3,wastewater,esblecoli,batch1,unique,44,368174,no,no,no,yes
20211214lug4,wastewater,esblecoli,batch1,unique,47,388076,no,no,no,yes
20211214sen1,wastewater,esblecoli,batch1,unique,40,332661,no,no,no,yes
20211214sen2,wastewater,esblecoli,batch1,unique,40,333596,no,no,no,yes
20211214sen3,wastewater,esblecoli,batch1,unique,64,533624,no,no,no,yes
20211214sen4,wastewater,esblecoli,batch1,unique,40,334158,no,no,no,yes
20211214zur2,wastewater,esblecoli,batch1,unique,45,371758,no,no,no,yes
20211214zur3,wastewater,esblecoli,batch1,unique,40,335431,no,no,no,yes
20211214zur4,wastewater,esblecoli,batch1,unique,48,399899,no,no,no,yes
20220118alt1,wastewater,esblecoli,batch1,unique,42,352497,no,no,no,yes
20220118alt3,wastewater,esblecoli,batch1,unique,45,377386,no,no,no,yes
20220118alt4,wastewater,esblecoli,batch1,unique,48,398892,no,no,no,yes
20220118chu1,wastewater,esblecoli,batch1,unique,46,379652,no,no,no,yes
20220118chu2,wastewater,esblecoli,batch1,unique,43,357313,no,no,no,yes
20220118chu3,wastewater,esblecoli,batch1,unique,47,390110,no,no,no,yes
20220118chu4,wastewater,esblecoli,batch1,unique,49,411641,no,no,no,yes
20220118gen1,wastewater,esblecoli,batch1,unique,53,438465,no,no,no,yes
20220118gen2,wastewater,esblecoli,batch1,unique,37,304989,no,no,no,yes
20220118gen3,wastewater,esblecoli,batch1,unique,56,466033,no,no,no,yes
20220118gen4,wastewater,esblecoli,batch1,unique,55,459588,no,no,no,yes
20220118lug1,wastewater,esblecoli,batch1,unique,42,347421,no,no,no,yes
20220118lug2,wastewater,esblecoli,batch1,unique,43,359302,no,no,no,yes
20220118lug3,wastewater,esblecoli,batch1,unique,39,321704,no,no,no,yes
20220118lug4,wastewater,esblecoli,batch1,unique,45,372410,no,no,no,yes
20220118sen1,wastewater,esblecoli,batch1,unique,40,335919,no,no,no,yes
20220118sen2,wastewater,esblecoli,batch1,unique,37,310855,no,no,no,yes
20220118sen3,wastewater,esblecoli,batch1,unique,46,387118,no,no,no,yes
20220118sen4,wastewater,esblecoli,batch1,unique,41,342943,no,no,no,yes
20220118zur1,wastewater,esblecoli,batch1,unique,47,393883,no,no,no,yes
20220118zur2,wastewater,esblecoli,batch1,unique,58,485606,no,no,no,yes
20220118zur3,wastewater,esblecoli,batch1,unique,56,469676,no,no,no,yes
20220118zur4,wastewater,esblecoli,batch1,unique,61,508038,no,no,no,yes
20220215alt1,wastewater,esblecoli,batch1,unique,64,533467,no,no,no,yes
20220215alt2,wastewater,esblecoli,batch1,unique,54,448845,no,no,no,yes
20220215alt3,wastewater,esblecoli,batch1,unique,56,464988,no,no,no,yes
20220215alt4,wastewater,esblecoli,batch1,unique,57,472071,no,no,no,yes
20220215chu1,wastewater,esblecoli,batch1,unique,39,328009,no,no,no,yes
20220215chu2,wastewater,esblecoli,batch1,unique,56,462654,no,no,no,yes
20220215chu3,wastewater,esblecoli,batch1,unique,58,480780,no,no,no,yes
20220215chu4,wastewater,esblecoli,batch1,unique,45,371293,no,no,no,yes
20220215gen1,wastewater,esblecoli,batch1,unique,57,476667,no,no,no,yes
20220215gen2,wastewater,esblecoli,batch1,unique,61,510377,no,no,no,yes
20220215gen3,wastewater,esblecoli,batch1,unique,66,551610,no,no,no,yes
20220215lug1,wastewater,esblecoli,batch1,unique,61,506097,no,no,no,yes
20220215lug3,wastewater,esblecoli,batch1,unique,46,379312,no,no,no,yes
20220215lug4,wastewater,esblecoli,batch1,unique,55,456055,no,no,no,yes
20220215sen1,wastewater,esblecoli,batch1,unique,53,444655,no,no,no,yes
20220215sen2,wastewater,esblecoli,batch1,unique,56,467159,no,no,no,yes
20220215sen3,wastewater,esblecoli,batch1,unique,59,491310,no,no,no,yes
20220215sen4,wastewater,esblecoli,batch1,unique,52,432898,no,no,no,yes
20220215zur1,wastewater,esblecoli,batch1,unique,45,372326,no,no,no,yes
20220215zur3,wastewater,esblecoli,batch1,unique,52,429688,no,no,no,yes
20220215zur4,wastewater,esblecoli,batch1,unique,43,361324,no,no,no,yes
20220315alt1,wastewater,esblecoli,batch1,unique,50,415952,no,no,no,yes
20220315alt2,wastewater,esblecoli,batch1,unique,50,418735,no,no,no,yes
20220315alt3,wastewater,esblecoli,batch1,unique,52,433114,no,no,no,yes
20220315alt4,wastewater,esblecoli,batch1,unique,53,441638,no,no,no,yes
20220315chu1,wastewater,esblecoli,batch1,unique,55,455743,no,no,no,yes
20220315chu2,wastewater,esblecoli,batch1,unique,59,491648,no,no,no,yes
20220315chu3,wastewater,esblecoli,batch1,unique,52,436809,no,no,no,yes
20220315chu4,wastewater,esblecoli,batch1,unique,51,427711,no,no,no,yes
20220315gen1,wastewater,esblecoli,batch1,unique,54,447448,no,no,no,yes
20220315gen2,wastewater,esblecoli,batch1,unique,52,430067,no,no,no,yes
20220315gen4,wastewater,esblecoli,batch1,unique,51,428886,no,no,no,yes
20220315lug1,wastewater,esblecoli,batch1,unique,51,427325,no,no,no,yes
20220315lug3,wastewater,esblecoli,batch1,unique,44,365596,no,no,no,yes
20220315lug4,wastewater,esblecoli,batch1,unique,50,413532,no,no,no,yes
20220315sen1,wastewater,esblecoli,batch1,unique,54,446559,no,no,no,yes
20220315sen2,wastewater,esblecoli,batch1,unique,49,407373,no,no,no,yes
20220315sen3,wastewater,esblecoli,batch1,unique,43,361732,no,no,no,yes
20220315zur1,wastewater,esblecoli,batch1,unique,40,336829,no,no,no,yes
20220315zur2,wastewater,esblecoli,batch1,unique,48,398187,no,no,no,yes
20220315zur3,wastewater,esblecoli,batch1,unique,48,400077,no,no,no,yes
20220315zur4,wastewater,esblecoli,batch1,unique,51,423040,no,no,no,yes
20220412alt1,wastewater,esblecoli,batch1,unique,46,385442,no,no,no,yes
20220412alt2,wastewater,esblecoli,batch1,unique,45,378974,no,no,no,yes
20220412alt3,wastewater,esblecoli,batch1,unique,46,381960,no,no,no,yes
20220412alt4,wastewater,esblecoli,batch1,unique,44,362944,no,no,no,yes
20220412chu1,wastewater,esblecoli,batch1,unique,40,332021,no,no,no,yes
20220412chu2,wastewater,esblecoli,batch1,unique,43,355621,no,no,no,yes
20220412chu3,wastewater,esblecoli,batch1,unique,50,419027,no,no,no,yes
20220412chu4,wastewater,esblecoli,batch1,unique,36,298690,no,no,no,yes
20220412gen1,wastewater,esblecoli,batch1,unique,44,369436,no,no,no,yes
20220412gen2,wastewater,esblecoli,batch1,unique,35,291921,no,no,no,yes
20220412gen3,wastewater,esblecoli,batch1,unique,40,331998,no,no,no,yes
20220412gen4,wastewater,esblecoli,batch1,unique,37,304617,no,no,no,yes
20220412lug1,wastewater,esblecoli,batch1,unique,37,309321,no,no,no,yes
20220412lug3,wastewater,esblecoli,batch1,unique,38,319553,no,no,no,yes
20220412lug4,wastewater,esblecoli,batch1,unique,43,359835,no,no,no,yes
20220412sen2,wastewater,esblecoli,batch1,unique,42,352501,no,no,no,yes
20220412sen3,wastewater,esblecoli,batch1,unique,48,395995,no,no,no,yes
20220412sen4,wastewater,esblecoli,batch1,unique,42,349459,no,no,no,yes
20220412zur1,wastewater,esblecoli,batch1,unique,37,305125,no,no,no,yes
20220412zur2,wastewater,esblecoli,batch1,unique,43,357531,no,no,no,yes
20220412zur3,wastewater,esblecoli,batch1,unique,42,353055,no,no,no,yes
20220412zur4,wastewater,esblecoli,batch1,unique,44,370027,no,no,no,yes
20220510alt1,wastewater,esblecoli,batch1,unique,50,417004,no,no,no,yes
20220510alt2,wastewater,esblecoli,batch1,unique,45,378726,no,no,no,yes
20220510alt3,wastewater,esblecoli,batch1,unique,49,407460,no,no,no,yes
20220510alt4,wastewater,esblecoli,batch1,unique,39,326700,no,no,no,yes
20220510chu1,wastewater,esblecoli,batch1,unique,29,245064,no,no,no,yes
20220510chu2,wastewater,esblecoli,batch1,unique,43,354286,no,no,no,yes
20220510chu3,wastewater,esblecoli,batch1,unique,38,313330,no,no,no,yes
20220510gen1,wastewater,esblecoli,batch1,unique,34,285627,no,no,no,yes
20220510gen2,wastewater,esblecoli,batch1,unique,38,312975,no,no,no,yes
20220510gen3,wastewater,esblecoli,batch1,unique,40,337164,no,no,no,yes
20220510gen4,wastewater,esblecoli,batch1,unique,45,377339,no,no,no,yes
20220510lug1,wastewater,esblecoli,batch1,unique,45,373791,no,no,no,yes
20220510lug2,wastewater,esblecoli,batch1,unique,39,324643,no,no,no,yes
20220510lug3,wastewater,esblecoli,batch1,unique,44,364501,no,no,no,yes
20220510lug4,wastewater,esblecoli,batch1,unique,55,459172,no,no,no,yes
20220510sen2,wastewater,esblecoli,batch1,unique,68,565149,no,no,no,yes
20220510sen3,wastewater,esblecoli,batch1,unique,66,552631,no,no,no,yes
20220510sen4,wastewater,esblecoli,batch1,unique,75,621721,no,no,no,yes
20220510zur1,wastewater,esblecoli,batch1,unique,74,615111,no,no,no,yes
20220510zur2,wastewater,esblecoli,batch1,unique,56,464359,no,no,no,yes
20220510zur4,wastewater,esblecoli,batch1,unique,67,557622,no,no,no,yes
20220607alt1,wastewater,esblecoli,batch1,unique,69,575157,no,no,no,yes
20220607alt3,wastewater,esblecoli,batch1,unique,65,540159,no,no,no,yes
20220607alt5,wastewater,esblecoli,batch1,unique,65,543609,no,no,no,yes
20220607alt7,wastewater,esblecoli,batch1,unique,64,535412,no,no,no,yes
20220607alt9,wastewater,esblecoli,batch1,unique,59,488496,no,no,no,yes
20220607chu10,wastewater,esblecoli,batch1,unique,65,538666,no,no,no,yes
20220607chu2,wastewater,esblecoli,batch1,unique,56,464908,no,no,no,yes
20220607chu4,wastewater,esblecoli,batch1,unique,54,453384,no,no,no,yes
20220607chu6,wastewater,esblecoli,batch1,unique,52,432286,no,no,no,yes
20220607chu8,wastewater,esblecoli,batch1,unique,59,492134,no,no,no,yes
20220607gen1,wastewater,esblecoli,batch1,unique,58,481761,no,no,no,yes
20220607gen3,wastewater,esblecoli,batch1,unique,64,534755,no,no,no,yes
20220607gen5,wastewater,esblecoli,batch1,unique,56,466213,no,no,no,yes
20220607gen7,wastewater,esblecoli,batch1,unique,52,437106,no,no,no,yes
20220607gen9,wastewater,esblecoli,batch1,unique,78,651281,no,no,no,yes
20220607lug1,wastewater,esblecoli,batch1,unique,56,470289,no,no,no,yes
20220607lug3,wastewater,esblecoli,batch1,unique,57,477693,no,no,no,yes
20220607lug5,wastewater,esblecoli,batch1,unique,61,507296,no,no,no,yes
20220607lug7,wastewater,esblecoli,batch1,unique,62,514245,no,no,no,yes
20220607lug9,wastewater,esblecoli,batch1,unique,58,480896,no,no,no,yes
20220607sen1,wastewater,esblecoli,batch1,unique,70,583972,no,no,no,yes
20220607sen3,wastewater,esblecoli,batch1,unique,50,420066,no,no,no,yes
20220607sen5,wastewater,esblecoli,batch1,unique,49,408226,no,no,no,yes
20220607sen7,wastewater,esblecoli,batch1,unique,62,512526,no,no,no,yes
20220607sen9,wastewater,esblecoli,batch1,unique,51,424596,no,no,no,yes
20220607zur1,wastewater,esblecoli,batch1,unique,57,472656,no,no,no,yes
20220607zur3,wastewater,esblecoli,batch1,unique,57,477346,no,no,no,yes
20220607zur5,wastewater,esblecoli,batch1,unique,62,519678,no,no,no,yes
20220607zur7,wastewater,esblecoli,batch1,unique,56,465336,no,no,no,yes
20220607zur9,wastewater,esblecoli,batch1,unique,59,492316,no,no,no,yes
20220705alt1,wastewater,esblecoli,batch1,unique,62,513182,no,no,no,yes
20220705alt3,wastewater,esblecoli,batch1,unique,60,501812,no,no,no,yes
20220705alt7,wastewater,esblecoli,batch1,unique,50,413214,no,no,no,yes
20220705alt9,wastewater,esblecoli,batch1,unique,49,405568,no,no,no,yes
20220705chu1,wastewater,esblecoli,batch1,unique,50,419478,no,no,no,yes
20220705chu3,wastewater,esblecoli,batch1,unique,48,402274,no,no,no,yes
20220705chu7,wastewater,esblecoli,batch1,unique,57,475980,no,no,no,yes
20220705chu9,wastewater,esblecoli,batch1,unique,45,378206,no,no,no,yes
20220705gen3,wastewater,esblecoli,batch1,unique,52,432382,no,no,no,yes
20220705gen5,wastewater,esblecoli,batch1,unique,41,338017,no,no,no,yes
20220705gen7,wastewater,esblecoli,batch1,unique,46,382265,no,no,no,yes
20220705sen5,wastewater,esblecoli,batch1,unique,54,447256,no,no,no,yes
20220705lug7,wastewater,esblecoli,batch1,unique,44,366353,no,no,no,yes
20220705lug9,wastewater,esblecoli,batch1,unique,50,419931,no,no,no,yes
20220705sen3,wastewater,esblecoli,batch1,unique,49,408036,no,no,no,yes
20220705sen7,wastewater,esblecoli,batch1,unique,45,378435,no,no,no,yes
20220705sen9,wastewater,esblecoli,batch1,unique,48,397351,no,no,no,yes
20220705zur1,wastewater,esblecoli,batch1,unique,53,444266,no,no,no,yes
20220705zur3,wastewater,esblecoli,batch1,unique,46,387311,no,no,no,yes
20220705zur5,wastewater,esblecoli,batch1,unique,57,478352,no,no,no,yes
20220705zur7,wastewater,esblecoli,batch1,unique,48,402525,no,no,no,yes
20220705zur9,wastewater,esblecoli,batch1,unique,43,356459,no,no,no,yes
20220802alt1,wastewater,esblecoli,batch1,unique,44,368545,no,no,no,yes
20220802alt3,wastewater,esblecoli,batch1,unique,42,350444,no,no,no,yes
20220802alt5,wastewater,esblecoli,batch1,unique,47,392299,no,no,no,yes
20220802alt7,wastewater,esblecoli,batch1,unique,64,531909,no,no,no,yes
20220802alt9,wastewater,esblecoli,batch1,unique,52,430116,no,no,no,yes
20220802chu1,wastewater,esblecoli,batch1,unique,55,456727,no,no,no,yes
20220802chu3,wastewater,esblecoli,batch1,unique,51,428247,no,no,no,yes
20220802chu5,wastewater,esblecoli,batch1,unique,52,436350,no,no,no,yes
20220802chu7,wastewater,esblecoli,batch1,unique,54,450901,no,no,no,yes
20220802chu9,wastewater,esblecoli,batch1,unique,45,376203,no,no,no,yes
20220802gen1,wastewater,esblecoli,batch1,unique,43,357292,no,no,no,yes
20220802gen3,wastewater,esblecoli,batch1,unique,51,424306,no,no,no,yes
20220802gen5,wastewater,esblecoli,batch1,unique,40,336097,no,no,no,yes
20220802gen7,wastewater,esblecoli,batch1,unique,44,364561,no,no,no,yes
20220802gen9,wastewater,esblecoli,batch1,unique,49,404246,no,no,no,yes
20220802lug3,wastewater,esblecoli,batch1,unique,43,359226,no,no,no,yes
20220802lug5,wastewater,esblecoli,batch1,unique,48,403756,no,no,no,yes
20220802lug7,wastewater,esblecoli,batch1,unique,54,447800,no,no,no,yes
20220802lug9,wastewater,esblecoli,batch1,unique,58,485351,no,no,no,yes
20220802sen1,wastewater,esblecoli,batch1,unique,72,599329,no,no,no,yes
20220802sen3,wastewater,esblecoli,batch1,unique,86,715487,no,no,no,yes
20220802sen5,wastewater,esblecoli,batch1,unique,79,658710,no,no,no,yes
20220802sen7,wastewater,esblecoli,batch1,unique,68,563752,no,no,no,yes
20220802sen9,wastewater,esblecoli,batch1,unique,73,607925,no,no,no,yes
20220802zur1,wastewater,esblecoli,batch1,unique,71,593355,no,no,no,yes
20220802zur3,wastewater,esblecoli,batch1,unique,86,715682,no,no,no,yes
20220802zur5,wastewater,esblecoli,batch1,unique,66,552982,no,no,no,yes
20220802zur7,wastewater,esblecoli,batch1,unique,68,563368,no,no,no,yes
20220802zur9,wastewater,esblecoli,batch1,unique,76,633242,no,no,no,yes
20220830alt1,wastewater,esblecoli,batch1,unique,79,659606,no,no,no,yes
20220830alt3,wastewater,esblecoli,batch1,unique,58,480451,no,no,no,yes
20220830alt7,wastewater,esblecoli,batch1,unique,72,597751,no,no,no,yes
20220830alt9,wastewater,esblecoli,batch1,unique,61,505132,no,no,no,yes
20220830chu1,wastewater,esblecoli,batch1,unique,87,724750,no,no,no,yes
20220830chu3,wastewater,esblecoli,batch1,unique,59,487984,no,no,no,yes
20220830chu5,wastewater,esblecoli,batch1,unique,63,527442,no,no,no,yes
20220830chu7,wastewater,esblecoli,batch1,unique,75,620919,no,no,no,yes
20220830chu9,wastewater,esblecoli,batch1,unique,60,500403,no,no,no,yes
20220830gen1,wastewater,esblecoli,batch1,unique,76,634674,no,no,no,yes
20220830gen3,wastewater,esblecoli,batch1,unique,59,491397,no,no,no,yes
20220830gen5,wastewater,esblecoli,batch1,unique,73,609545,no,no,no,yes
20220830gen9,wastewater,esblecoli,batch1,unique,60,498650,no,no,no,yes
20220830lug1,wastewater,esblecoli,batch1,unique,65,539871,no,no,no,yes
20220830lug3,wastewater,esblecoli,batch1,unique,72,601067,no,no,no,yes
20220830lug5,wastewater,esblecoli,batch1,unique,63,528247,no,no,no,yes
20220830lug7,wastewater,esblecoli,batch1,unique,59,492842,no,no,no,yes
20220830lug9,wastewater,esblecoli,batch1,unique,58,485004,no,no,no,yes
20220830sen1,wastewater,esblecoli,batch1,unique,53,443891,no,no,no,yes
20220830sen3,wastewater,esblecoli,batch1,unique,54,453519,no,no,no,yes
20220830sen5,wastewater,esblecoli,batch1,unique,49,408878,no,no,no,yes
20220830sen7,wastewater,esblecoli,batch1,unique,64,531233,no,no,no,yes
20220830sen9,wastewater,esblecoli,batch1,unique,70,581529,no,no,no,yes
20220830zur1,wastewater,esblecoli,batch1,unique,72,597583,no,no,no,yes
20220830zur3,wastewater,esblecoli,batch1,unique,53,442404,no,no,no,yes
20220830zur7,wastewater,esblecoli,batch1,unique,69,577566,no,no,no,yes
20220830zur9,wastewater,esblecoli,batch1,unique,58,484656,no,no,no,yes
20220927alt1,wastewater,esblecoli,batch1,unique,61,509500,no,no,no,yes
20220927alt3,wastewater,esblecoli,batch1,unique,52,429885,no,no,no,yes
20220927alt5,wastewater,esblecoli,batch1,unique,37,306647,no,no,no,yes
20220927alt7,wastewater,esblecoli,batch1,unique,59,490511,no,no,no,yes
20220927alt9,wastewater,esblecoli,batch1,unique,55,454792,no,no,no,yes
20220927chu1,wastewater,esblecoli,batch1,unique,68,570232,no,no,no,yes
20220927chu3,wastewater,esblecoli,batch1,unique,76,637078,no,no,no,yes
20220927chu5,wastewater,esblecoli,batch1,unique,60,501443,no,no,no,yes
20220927chu7,wastewater,esblecoli,batch1,unique,56,470740,no,no,no,yes
20220927chu9,wastewater,esblecoli,batch1,unique,54,449705,no,no,no,yes
20220927gen3,wastewater,esblecoli,batch1,unique,64,533016,no,no,no,yes
20220927gen5,wastewater,esblecoli,batch1,unique,74,615345,no,no,no,yes
20220927gen7,wastewater,esblecoli,batch1,unique,60,503292,no,no,no,yes
20220927gen9,wastewater,esblecoli,batch1,unique,50,418610,no,no,no,yes
20220927lug1,wastewater,esblecoli,batch1,unique,56,468229,no,no,no,yes
20220927lug3,wastewater,esblecoli,batch1,unique,49,404815,no,no,no,yes
20220927lug5,wastewater,esblecoli,batch1,unique,54,453150,no,no,no,yes
20220927lug7,wastewater,esblecoli,batch1,unique,16,131932,no,no,no,yes
20220927lug9,wastewater,esblecoli,batch1,unique,63,525262,no,no,no,yes
20220927sen1,wastewater,esblecoli,batch1,unique,47,393175,no,no,no,yes
20220927sen3,wastewater,esblecoli,batch1,unique,51,424851,no,no,no,yes
20220927sen5,wastewater,esblecoli,batch1,unique,58,480250,no,no,no,yes
20220927sen7,wastewater,esblecoli,batch1,unique,65,544910,no,no,no,yes
20220927sen9,wastewater,esblecoli,batch1,unique,45,371924,no,no,no,yes
20220927zur1,wastewater,esblecoli,batch1,unique,65,539437,no,no,no,yes
20220927zur3,wastewater,esblecoli,batch1,unique,75,621356,no,no,no,yes
20220927zur5,wastewater,esblecoli,batch1,unique,61,506586,no,no,no,yes
20220927zur7,wastewater,esblecoli,batch1,unique,66,553761,no,no,no,yes
20220927zur9,wastewater,esblecoli,batch1,unique,58,484159,no,no,no,yes
20221025alt1,wastewater,esblecoli,batch1,unique,66,550957,no,no,no,yes
20221025alt3,wastewater,esblecoli,batch1,unique,64,535069,no,no,no,yes
20221025alt5,wastewater,esblecoli,batch1,unique,74,614291,no,no,no,yes
20221025alt7,wastewater,esblecoli,batch1,unique,64,533599,no,no,no,yes
20221025alt9,wastewater,esblecoli,batch1,unique,67,560952,no,no,no,yes
20221025chu1,wastewater,esblecoli,batch1,unique,82,681988,no,no,no,yes
20221025chu3,wastewater,esblecoli,batch1,unique,54,449905,no,no,no,yes
20221025chu5,wastewater,esblecoli,batch1,unique,50,418400,no,no,no,yes
20221025chu7,wastewater,esblecoli,batch1,unique,31,261013,no,no,no,yes
20221025chu9,wastewater,esblecoli,batch1,unique,61,506240,no,no,no,yes
20221025gen1,wastewater,esblecoli,batch1,unique,55,456000,no,no,no,yes
20221025gen3,wastewater,esblecoli,batch1,unique,54,451650,no,no,no,yes
20221025gen5,wastewater,esblecoli,batch1,unique,67,560437,no,no,no,yes
20221025gen7,wastewater,esblecoli,batch1,unique,59,493530,no,no,no,yes
20221025gen9,wastewater,esblecoli,batch1,unique,54,445973,no,no,no,yes
20221025lug1,wastewater,esblecoli,batch1,unique,50,414069,no,no,no,yes
20221025lug3,wastewater,esblecoli,batch1,unique,63,521754,no,no,no,yes
20221025lug5,wastewater,esblecoli,batch1,unique,50,413178,no,no,no,yes
20221025lug7,wastewater,esblecoli,batch1,unique,63,528558,no,no,no,yes
20221025lug9,wastewater,esblecoli,batch1,unique,75,625825,no,no,no,yes
20221025sen1,wastewater,esblecoli,batch1,unique,43,360885,no,no,no,yes
20221025sen3,wastewater,esblecoli,batch1,unique,36,301584,no,no,no,yes
20221025sen5,wastewater,esblecoli,batch1,unique,63,523808,no,no,no,yes
20221025sen7,wastewater,esblecoli,batch1,unique,51,423168,no,no,no,yes
20221025sen9,wastewater,esblecoli,batch1,unique,69,575910,no,no,no,yes
20221025zur1,wastewater,esblecoli,batch1,unique,47,395636,no,no,no,yes
20221025zur3,wastewater,esblecoli,batch1,unique,46,386563,no,no,no,yes
20221025zur5,wastewater,esblecoli,batch1,unique,66,549976,no,no,no,yes
20221025zur7,wastewater,esblecoli,batch1,unique,46,380186,no,no,no,yes
20221025zur9,wastewater,esblecoli,batch1,unique,43,358959,no,no,no,yes
20221122alt1,wastewater,esblecoli,batch1,unique,57,471242,no,no,no,yes
20221122alt3,wastewater,esblecoli,batch1,unique,50,419463,no,no,no,yes
20221122alt5,wastewater,esblecoli,batch1,unique,61,506391,no,no,no,yes
20221122alt9,wastewater,esblecoli,batch1,unique,65,537620,no,no,no,yes
20221122chu1,wastewater,esblecoli,batch1,unique,65,542780,no,no,no,yes
20221122chu3,wastewater,esblecoli,batch1,unique,58,484146,no,no,no,yes
20221122chu7,wastewater,esblecoli,batch1,unique,41,340906,no,no,no,yes
20221122gen1,wastewater,esblecoli,batch1,unique,65,537986,no,no,no,yes
20221122gen3,wastewater,esblecoli,batch1,unique,56,465433,no,no,no,yes
20221122gen5,wastewater,esblecoli,batch1,unique,51,426195,no,no,no,yes
20221122gen7,wastewater,esblecoli,batch1,unique,52,431970,no,no,no,yes
20221122gen9,wastewater,esblecoli,batch1,unique,86,713298,no,no,no,yes
20221122lug3,wastewater,esblecoli,batch1,unique,59,489419,no,no,no,yes
20221122lug5,wastewater,esblecoli,batch1,unique,37,308934,no,no,no,yes
20221122lug7,wastewater,esblecoli,batch1,unique,64,529180,no,no,no,yes
20221122lug9,wastewater,esblecoli,batch1,unique,53,441156,no,no,no,yes
20221122sen1,wastewater,esblecoli,batch1,unique,45,378737,no,no,no,yes
20221122sen3,wastewater,esblecoli,batch1,unique,42,348805,no,no,no,yes
20221122sen5,wastewater,esblecoli,batch1,unique,57,471170,no,no,no,yes
20221122sen7,wastewater,esblecoli,batch1,unique,65,538353,no,no,no,yes
20221122sen9,wastewater,esblecoli,batch1,unique,63,526846,no,no,no,yes
20221122zur3,wastewater,esblecoli,batch1,unique,55,456350,no,no,no,yes
20221122zur5,wastewater,esblecoli,batch1,unique,48,403594,no,no,no,yes
20221122zur7,wastewater,esblecoli,batch1,unique,52,435595,no,no,no,yes
20221122zur9,wastewater,esblecoli,batch1,unique,49,405441,no,no,no,yes
EOC1,clinics,esblecoli,batch1,unique,55,459674,no,no,no,yes
EOC10,clinics,esblecoli,batch1,unique,43,358744,no,no,no,yes
EOC11,clinics,esblecoli,batch1,unique,50,415513,no,no,no,yes
EOC12,clinics,esblecoli,batch1,unique,47,393425,no,no,no,yes
EOC13,clinics,esblecoli,batch1,unique,51,423079,no,no,no,yes
EOC14,clinics,esblecoli,batch1,unique,47,393437,no,no,no,yes
EOC15,clinics,esblecoli,batch1,unique,49,404716,no,no,no,yes
EOC16,clinics,esblecoli,batch1,unique,52,436377,no,no,no,yes
EOC17,clinics,esblecoli,batch1,unique,32,262801,no,no,no,yes
EOC19,clinics,esblecoli,batch1,unique,48,398221,no,no,no,yes
EOC2,clinics,esblecoli,batch1,unique,52,429357,no,no,no,yes
EOC3,clinics,esblecoli,batch1,unique,47,394729,no,no,no,yes
EOC4,clinics,esblecoli,batch1,unique,47,388425,no,no,no,yes
EOC5,clinics,esblecoli,batch1,unique,44,366093,no,no,no,yes
EOC6,clinics,esblecoli,batch1,unique,45,375025,no,no,no,yes
EOC7,clinics,esblecoli,batch1,unique,44,369078,no,no,no,yes
EOC8,clinics,esblecoli,batch1,unique,41,342734,no,no,no,yes
EOC9,clinics,esblecoli,batch1,unique,46,385295,no,no,no,yes
KSGR1,clinics,esblecoli,batch1,unique,45,373651,no,no,no,yes
KSGR10,clinics,esblecoli,batch1,unique,44,370187,no,no,no,yes
KSGR11,clinics,esblecoli,batch1,unique,41,343511,no,no,no,yes
KSGR12,clinics,esblecoli,batch1,unique,46,381536,no,no,no,yes
KSGR13,clinics,esblecoli,batch1,unique,42,346514,no,no,no,yes
KSGR14,clinics,esblecoli,batch1,unique,43,355487,no,no,no,yes
KSGR15,clinics,esblecoli,batch1,unique,31,257447,no,no,no,yes
KSGR16,clinics,esblecoli,batch1,unique,43,359749,no,no,no,yes
KSGR18,clinics,esblecoli,batch1,unique,37,306640,no,no,no,yes
KSGR19,clinics,esblecoli,batch1,unique,31,258287,no,no,no,yes
KSGR2,clinics,esblecoli,batch1,unique,37,309902,no,no,no,yes
KSGR20,clinics,esblecoli,batch1,unique,44,368888,no,no,no,yes
KSGR22,clinics,esblecoli,batch1,unique,43,358515,no,no,no,yes
KSGR23,clinics,esblecoli,batch1,unique,46,386393,no,no,no,yes
KSGR24,clinics,esblecoli,batch1,unique,45,376703,no,no,no,yes
KSGR25,clinics,esblecoli,batch1,unique,46,380596,no,no,no,yes
KSGR26,clinics,esblecoli,batch1,unique,43,358912,no,no,no,yes
KSGR27,clinics,esblecoli,batch1,unique,47,393809,no,no,no,yes
KSGR28,clinics,esblecoli,batch1,unique,51,420852,no,no,no,yes
KSGR29,clinics,esblecoli,batch1,unique,34,283813,no,no,no,yes
KSGR3,clinics,esblecoli,batch1,unique,44,365930,no,no,no,yes
KSGR30,clinics,esblecoli,batch1,unique,40,336263,no,no,no,yes
KSGR31,clinics,esblecoli,batch1,unique,42,346717,no,no,no,yes
KSGR32,clinics,esblecoli,batch1,unique,40,332268,no,no,no,yes
KSGR34,clinics,esblecoli,batch1,unique,46,379479,no,no,no,yes
KSGR35,clinics,esblecoli,batch1,unique,52,435322,no,no,no,yes
KSGR36,clinics,esblecoli,batch1,unique,53,443605,no,no,no,yes
KSGR37,clinics,esblecoli,batch1,unique,102,850010,no,no,no,yes
KSGR38,clinics,esblecoli,batch1,unique,116,965006,no,no,no,yes
KSGR39,clinics,esblecoli,batch1,unique,91,756651,no,no,no,yes
KSGR4,clinics,esblecoli,batch1,unique,86,712924,no,no,no,yes
KSGR40,clinics,esblecoli,batch1,unique,101,839928,no,no,no,yes
KSGR41,clinics,esblecoli,batch1,unique,97,808936,no,no,no,yes
KSGR42,clinics,esblecoli,batch1,unique,68,563332,no,no,no,yes
KSGR43,clinics,esblecoli,batch1,unique,84,699469,no,no,no,yes
KSGR44,clinics,esblecoli,batch1,unique,90,746007,no,no,no,yes
KSGR45,clinics,esblecoli,batch1,unique,82,681841,no,no,no,yes
KSGR46,clinics,esblecoli,batch1,unique,80,664799,no,no,no,yes
KSGR47,clinics,esblecoli,batch1,unique,86,712526,no,no,no,yes
KSGR48,clinics,esblecoli,batch1,unique,97,804522,no,no,no,yes
KSGR49,clinics,esblecoli,batch1,unique,90,752018,no,no,no,yes
KSGR5,clinics,esblecoli,batch1,unique,84,695993,no,no,no,yes
KSGR50,clinics,esblecoli,batch1,unique,67,556726,no,no,no,yes
KSGR51,clinics,esblecoli,batch1,unique,93,776291,no,no,no,yes
KSGR53,clinics,esblecoli,batch1,unique,74,612942,no,no,no,yes
KSGR54,clinics,esblecoli,batch1,unique,80,665972,no,no,no,yes
KSGR55,clinics,esblecoli,batch1,unique,107,889049,no,no,no,yes
KSGR56,clinics,esblecoli,batch1,unique,74,619835,no,no,no,yes
KSGR57,clinics,esblecoli,batch1,unique,73,609976,no,no,no,yes
KSGR58,clinics,esblecoli,batch1,unique,67,556560,no,no,no,yes
KSGR59,clinics,esblecoli,batch1,unique,70,579242,no,no,no,yes
KSGR6,clinics,esblecoli,batch1,unique,72,600228,no,no,no,yes
KSGR60,clinics,esblecoli,batch1,unique,68,564117,no,no,no,yes
KSGR61,clinics,esblecoli,batch1,unique,76,630208,no,no,no,yes
KSGR62,clinics,esblecoli,batch1,unique,102,846217,no,no,no,yes
KSGR63,clinics,esblecoli,batch1,unique,87,721574,no,no,no,yes
KSGR64,clinics,esblecoli,batch1,unique,70,585996,no,no,no,yes
KSGR65,clinics,esblecoli,batch1,unique,59,493609,no,no,no,yes
KSGR66,clinics,esblecoli,batch1,unique,72,598851,no,no,no,yes
KSGR67,clinics,esblecoli,batch1,unique,66,547434,no,no,no,yes
KSGR68,clinics,esblecoli,batch1,unique,78,650841,no,no,no,yes
KSGR7,clinics,esblecoli,batch1,unique,64,531353,no,no,no,yes
KSGR70,clinics,esblecoli,batch1,unique,74,615336,no,no,no,yes
KSGR72,clinics,esblecoli,batch1,unique,58,485623,no,no,no,yes
KSGR73,clinics,esblecoli,batch1,unique,69,576485,no,no,no,yes
KSGR74,clinics,esblecoli,batch1,unique,64,529841,no,no,no,yes
KSGR75,clinics,esblecoli,batch1,unique,70,582075,no,no,no,yes
KSGR76,clinics,esblecoli,batch1,unique,68,569810,no,no,no,yes
KSGR77,clinics,esblecoli,batch1,unique,77,642164,no,no,no,yes
MCL13,clinics,esblecoli,batch1,unique,62,514809,no,no,no,yes
KSGR79,clinics,esblecoli,batch1,unique,58,487159,no,no,no,yes
KSGR8,clinics,esblecoli,batch1,unique,49,412194,no,no,no,yes
KSGR9,clinics,esblecoli,batch1,unique,66,547882,no,no,no,yes
MCL1,clinics,esblecoli,batch1,unique,65,541997,no,no,no,yes
MCL10,clinics,esblecoli,batch1,unique,57,477627,no,no,no,yes
MCL11,clinics,esblecoli,batch1,unique,69,574683,no,no,no,yes
MCL12,clinics,esblecoli,batch1,unique,75,622428,no,no,no,yes
MCL14,clinics,esblecoli,batch1,unique,58,484281,no,no,no,yes
MCL15,clinics,esblecoli,batch1,unique,44,367344,no,no,no,yes
MCL16,clinics,esblecoli,batch1,unique,62,514365,no,no,no,yes
MCL17,clinics,esblecoli,batch1,unique,20,167405,no,no,no,yes
MCL18,clinics,esblecoli,batch1,unique,59,491472,no,no,no,yes
MCL19,clinics,esblecoli,batch1,unique,85,710804,no,no,no,yes
MCL2,clinics,esblecoli,batch1,unique,68,563158,no,no,no,yes
MCL20,clinics,esblecoli,batch1,unique,84,698739,no,no,no,yes
MCL21,clinics,esblecoli,batch1,unique,61,510497,no,no,no,yes
MCL23,clinics,esblecoli,batch1,unique,66,551049,no,no,no,yes
MCL24,clinics,esblecoli,batch1,unique,68,566002,no,no,no,yes
MCL25,clinics,esblecoli,batch1,unique,80,667645,no,no,no,yes
MCL26,clinics,esblecoli,batch1,unique,75,626759,no,no,no,yes
MCL27,clinics,esblecoli,batch1,unique,75,625236,no,no,no,yes
MCL28,clinics,esblecoli,batch1,unique,84,698730,no,no,no,yes
MCL29,clinics,esblecoli,batch1,unique,59,489256,no,no,no,yes
MCL3,clinics,esblecoli,batch1,unique,64,529485,no,no,no,yes
MCL30,clinics,esblecoli,batch1,unique,76,634133,no,no,no,yes
MCL31,clinics,esblecoli,batch1,unique,76,630296,no,no,no,yes
MCL32,clinics,esblecoli,batch1,unique,78,649040,no,no,no,yes
MCL33,clinics,esblecoli,batch1,unique,66,546925,no,no,no,yes
MCL34,clinics,esblecoli,batch1,unique,83,693004,no,no,no,yes
MCL35,clinics,esblecoli,batch1,unique,52,431778,no,no,no,yes
MCL36,clinics,esblecoli,batch1,unique,57,475628,no,no,no,yes
MCL37,clinics,esblecoli,batch1,unique,64,537427,no,no,no,yes
MCL38,clinics,esblecoli,batch1,unique,75,622184,no,no,no,yes
MCL39,clinics,esblecoli,batch1,unique,64,536872,no,no,no,yes
MCL4,clinics,esblecoli,batch1,unique,76,633894,no,no,no,yes
MCL40,clinics,esblecoli,batch1,unique,84,701467,no,no,no,yes
MCL41,clinics,esblecoli,batch1,unique,67,561168,no,no,no,yes
MCL42,clinics,esblecoli,batch1,unique,71,595043,no,no,no,yes
MCL43,clinics,esblecoli,batch1,unique,60,503387,no,no,no,yes
MCL45,clinics,esblecoli,batch1,unique,70,583622,no,no,no,yes
MCL46,clinics,esblecoli,batch1,unique,92,769905,no,no,no,yes
MCL47,clinics,esblecoli,batch1,unique,99,825117,no,no,no,yes
MCL48,clinics,esblecoli,batch1,unique,94,782997,no,no,no,yes
MCL49,clinics,esblecoli,batch1,unique,66,547927,no,no,no,yes
MCL5,clinics,esblecoli,batch1,unique,98,819295,no,no,no,yes
MCL50,clinics,esblecoli,batch1,unique,80,665181,no,no,no,yes
MCL51,clinics,esblecoli,batch1,unique,84,696269,no,no,no,yes
MCL52,clinics,esblecoli,batch1,unique,91,761449,no,no,no,yes
MCL54,clinics,esblecoli,batch1,unique,67,556344,no,no,no,yes
MCL55,clinics,esblecoli,batch1,unique,60,496916,no,no,no,yes
MCL6,clinics,esblecoli,batch1,unique,74,617820,no,no,no,yes
MCL7,clinics,esblecoli,batch1,unique,69,576090,no,no,no,yes
MCL9,clinics,esblecoli,batch1,unique,75,623567,no,no,no,yes
USB10,clinics,esblecoli,batch1,unique,81,678234,no,no,no,yes
USB12,clinics,esblecoli,batch1,unique,70,581590,no,no,no,yes
USB13,clinics,esblecoli,batch1,unique,71,594063,no,no,no,yes
USB14,clinics,esblecoli,batch1,unique,66,547031,no,no,no,yes
USB15,clinics,esblecoli,batch1,unique,72,596556,no,no,no,yes
USB17,clinics,esblecoli,batch1,unique,55,458160,no,no,no,yes
USB19,clinics,esblecoli,batch1,unique,26,216328,no,no,no,yes
USB20,clinics,esblecoli,batch1,unique,25,212226,no,no,no,yes
USB22,clinics,esblecoli,batch1,unique,23,188819,no,no,no,yes
USB23,clinics,esblecoli,batch1,unique,29,244679,no,no,no,yes
USB24,clinics,esblecoli,batch1,unique,25,210986,no,no,no,yes
USB26,clinics,esblecoli,batch1,unique,25,209534,no,no,no,yes
USB27,clinics,esblecoli,batch1,unique,22,179764,no,no,no,yes
USB28,clinics,esblecoli,batch1,unique,33,270885,no,no,no,yes
USB29,clinics,esblecoli,batch1,unique,38,316757,no,no,no,yes
USB3,clinics,esblecoli,batch1,unique,40,330732,no,no,no,yes
USB30,clinics,esblecoli,batch1,unique,44,367654,no,no,no,yes
USB31,clinics,esblecoli,batch1,unique,45,378429,no,no,no,yes
USB33,clinics,esblecoli,batch1,unique,39,321971,no,no,no,yes
USB34,clinics,esblecoli,batch1,unique,37,310269,no,no,no,yes
USB35,clinics,esblecoli,batch1,unique,41,339886,no,no,no,yes
USB36,clinics,esblecoli,batch1,unique,56,467481,no,no,no,yes
USB37,clinics,esblecoli,batch1,unique,46,380983,no,no,no,yes
USB38,clinics,esblecoli,batch1,unique,48,402221,no,no,no,yes
USB4,clinics,esblecoli,batch1,unique,46,379658,no,no,no,yes
USB40,clinics,esblecoli,batch1,unique,34,282444,no,no,no,yes
USB41,clinics,esblecoli,batch1,unique,47,392120,no,no,no,yes
USB42,clinics,esblecoli,batch1,unique,51,421290,no,no,no,yes
USB43,clinics,esblecoli,batch1,unique,53,442297,no,no,no,yes
USB45,clinics,esblecoli,batch1,unique,48,403963,no,no,no,yes
USB46,clinics,esblecoli,batch1,unique,45,373475,no,no,no,yes
USB47,clinics,esblecoli,batch1,unique,43,356510,no,no,no,yes
USB48,clinics,esblecoli,batch1,unique,44,369261,no,no,no,yes
USB49,clinics,esblecoli,batch1,unique,43,362454,no,no,no,yes
USB5,clinics,esblecoli,batch1,unique,49,411796,no,no,no,yes
USB50,clinics,esblecoli,batch1,unique,45,375726,no,no,no,yes
USB51,clinics,esblecoli,batch1,unique,55,462401,no,no,no,yes
USB52,clinics,esblecoli,batch1,unique,62,519150,no,no,no,yes
USB53,clinics,esblecoli,batch1,unique,56,468327,no,no,no,yes
USB54,clinics,esblecoli,batch1,unique,52,430975,no,no,no,yes
USB55,clinics,esblecoli,batch1,unique,59,488146,no,no,no,yes
USB56,clinics,esblecoli,batch1,unique,42,347471,no,no,no,yes
USB57,clinics,esblecoli,batch1,unique,55,458778,no,no,no,yes
USB58,clinics,esblecoli,batch1,unique,65,545589,no,no,no,yes
USB59,clinics,esblecoli,batch1,unique,63,522306,no,no,no,yes
USB6,clinics,esblecoli,batch1,unique,66,548717,no,no,no,yes
USB60,clinics,esblecoli,batch1,unique,67,556796,no,no,no,yes
USB61,clinics,esblecoli,batch1,unique,70,581684,no,no,no,yes
USB62,clinics,esblecoli,batch1,unique,52,437473,no,no,no,yes
USB7,clinics,esblecoli,batch1,unique,59,492368,no,no,no,yes
USB8,clinics,esblecoli,batch1,unique,57,477965,no,no,no,yes
USB9,clinics,esblecoli,batch1,unique,65,538435,no,no,no,yes
USZ1,clinics,esblecoli,batch1,unique,49,410993,no,no,no,yes
USZ10,clinics,esblecoli,batch1,unique,39,328998,no,no,no,yes
USZ11,clinics,esblecoli,batch1,unique,63,527476,no,no,no,yes
USZ12,clinics,esblecoli,batch1,unique,63,528504,no,no,no,yes
USZ13,clinics,esblecoli,batch1,unique,46,382657,no,no,no,yes
USZ14,clinics,esblecoli,batch1,unique,57,475024,no,no,no,yes
USZ15,clinics,esblecoli,batch1,unique,44,367696,no,no,no,yes
USZ17,clinics,esblecoli,batch1,unique,38,317146,no,no,no,yes
USZ18,clinics,esblecoli,batch1,unique,61,506854,no,no,no,yes
USZ19,clinics,esblecoli,batch1,unique,51,421822,no,no,no,yes
USZ20,clinics,esblecoli,batch1,unique,51,426576,no,no,no,yes
USZ21,clinics,esblecoli,batch1,unique,55,454237,no,no,no,yes
USZ22,clinics,esblecoli,batch1,unique,63,525845,no,no,no,yes
USZ23,clinics,esblecoli,batch1,unique,58,480246,no,no,no,yes
USZ24,clinics,esblecoli,batch1,unique,54,453858,no,no,no,yes
USZ25,clinics,esblecoli,batch1,unique,75,621000,no,no,no,yes
USZ26,clinics,esblecoli,batch1,unique,24,201753,no,no,no,yes
USZ28,clinics,esblecoli,batch1,unique,60,502668,no,no,no,yes
USZ29,clinics,esblecoli,batch1,unique,58,483537,no,no,no,yes
USZ3,clinics,esblecoli,batch1,unique,62,515020,no,no,no,yes
USZ30,clinics,esblecoli,batch1,unique,55,456256,no,no,no,yes
USZ31,clinics,esblecoli,batch1,unique,58,482274,no,no,no,yes
USZ32,clinics,esblecoli,batch1,unique,65,539715,no,no,no,yes
USZ34,clinics,esblecoli,batch1,unique,60,497892,no,no,no,yes
USZ35,clinics,esblecoli,batch1,unique,63,521612,no,no,no,yes
USZ36,clinics,esblecoli,batch1,unique,60,503013,no,no,no,yes
USZ37,clinics,esblecoli,batch1,unique,63,525371,no,no,no,yes
USZ38,clinics,esblecoli,batch1,unique,64,530287,no,no,no,yes
USZ39,clinics,esblecoli,batch1,unique,66,553081,no,no,no,yes
USZ4,clinics,esblecoli,batch1,unique,51,426631,no,no,no,yes
USZ41,clinics,esblecoli,batch1,unique,59,489397,no,no,no,yes
USZ42,clinics,esblecoli,batch1,unique,59,493291,no,no,no,yes
USZ44,clinics,esblecoli,batch1,unique,62,519391,no,no,no,yes
USZ45,clinics,esblecoli,batch1,unique,61,509949,no,no,no,yes
USZ46,clinics,esblecoli,batch1,unique,59,493271,no,no,no,yes
USZ47,clinics,esblecoli,batch1,unique,65,543589,no,no,no,yes
USZ48,clinics,esblecoli,batch1,unique,70,583565,no,no,no,yes
USZ49,clinics,esblecoli,batch1,unique,54,451520,no,no,no,yes
USZ50,clinics,esblecoli,batch1,unique,55,458264,no,no,no,yes
USZ51,clinics,esblecoli,batch1,unique,58,481616,no,no,no,yes
USZ52,clinics,esblecoli,batch1,unique,60,501459,no,no,no,yes
USZ53,clinics,esblecoli,batch1,unique,61,512185,no,no,no,yes
USZ54,clinics,esblecoli,batch1,unique,51,424311,no,no,no,yes
USZ55,clinics,esblecoli,batch1,unique,55,454222,no,no,no,yes
USZ56,clinics,esblecoli,batch1,unique,58,480321,no,no,no,yes
USZ57,clinics,esblecoli,batch1,unique,49,407320,no,no,no,yes
USZ58,clinics,esblecoli,batch1,unique,61,507366,no,no,no,yes
USZ59,clinics,esblecoli,batch1,unique,54,448125,no,no,no,yes
USZ6,clinics,esblecoli,batch1,unique,58,484306,no,no,no,yes
USZ60,clinics,esblecoli,batch1,unique,59,495044,no,no,no,yes
USZ61,clinics,esblecoli,batch1,unique,53,441208,no,no,no,yes
USZ62,clinics,esblecoli,batch1,unique,54,451747,no,no,no,yes
USZ63,clinics,esblecoli,batch1,unique,52,430897,no,no,no,yes
USZ64,clinics,esblecoli,batch1,unique,60,499188,no,no,no,yes
USZ65,clinics,esblecoli,batch1,unique,51,428802,no,no,no,yes
USZ66,clinics,esblecoli,batch1,unique,57,474639,no,no,no,yes
USZ67,clinics,esblecoli,batch1,unique,53,440467,no,no,no,yes
USZ68,clinics,esblecoli,batch1,unique,57,474487,no,no,no,yes
USZ69,clinics,esblecoli,batch1,unique,62,519115,no,no,no,yes
USZ7,clinics,esblecoli,batch1,unique,30,250509,no,no,no,yes
USZ70,clinics,esblecoli,batch1,unique,52,435839,no,no,no,yes
USZ71,clinics,esblecoli,batch1,unique,59,491856,no,no,no,yes
USZ72,clinics,esblecoli,batch1,unique,57,477972,no,no,no,yes
USZ73,clinics,esblecoli,batch1,unique,48,403131,no,no,no,yes
USZ74,clinics,esblecoli,batch1,unique,60,498401,no,no,no,yes
USZ75,clinics,esblecoli,batch1,unique,64,536111,no,no,no,yes
USZ77,clinics,esblecoli,batch1,unique,55,454222,no,no,no,yes
USZ78,clinics,esblecoli,batch1,unique,54,453604,no,no,no,yes
USZ79,clinics,esblecoli,batch1,unique,57,474828,no,no,no,yes
USZ8,clinics,esblecoli,batch1,unique,59,492174,no,no,no,yes
USZ80,clinics,esblecoli,batch1,unique,54,452843,no,no,no,yes
USZ81,clinics,esblecoli,batch1,unique,62,512782,no,no,no,yes
USZ82,clinics,esblecoli,batch1,unique,58,486562,no,no,no,yes
USZ83,clinics,esblecoli,batch1,unique,53,443109,no,no,no,yes
USZ85,clinics,esblecoli,batch1,unique,45,371480,no,no,no,yes
USZ86,clinics,esblecoli,batch1,unique,53,439208,no,no,no,yes
USZ87,clinics,esblecoli,batch1,unique,58,483556,no,no,no,yes
USZ88,clinics,esblecoli,batch1,unique,47,388583,no,no,no,yes
USZ89,clinics,esblecoli,batch1,unique,58,479427,no,no,no,yes
USZ9,clinics,esblecoli,batch1,unique,55,454943,no,no,no,yes
ZLMSG1,clinics,esblecoli,batch1,unique,46,379761,no,no,no,yes
ZLMSG10,clinics,esblecoli,batch1,unique,57,475955,no,no,no,yes
ZLMSG11,clinics,esblecoli,batch1,unique,50,419657,no,no,no,yes
ZLMSG12,clinics,esblecoli,batch1,unique,49,408491,no,no,no,yes
ZLMSG13,clinics,esblecoli,batch1,unique,53,444018,no,no,no,yes
ZLMSG2,clinics,esblecoli,batch1,unique,49,410504,no,no,no,yes
ZLMSG3,clinics,esblecoli,batch1,unique,57,471105,no,no,no,yes
ZLMSG4,clinics,esblecoli,batch1,unique,58,481769,no,no,no,yes
ZLMSG5,clinics,esblecoli,batch1,unique,52,435444,no,no,no,yes
ZLMSG6,clinics,esblecoli,batch1,unique,54,446947,no,no,no,yes
ZLMSG7,clinics,esblecoli,batch1,unique,51,426107,no,no,no,yes
ZLMSG8,clinics,esblecoli,batch1,unique,58,480395,no,no,no,yes
ZLMSG9,clinics,esblecoli,batch1,unique,59,490669,no,no,no,yes
L1,cattle,esblecoli,batch2,unique,115,960422,no,no,no,yes
L2,cattle,esblecoli,batch2,unique,100,835259,no,no,no,yes
L3,cattle,esblecoli,batch2,unique,98,817947,no,no,no,yes
L4,cattle,esblecoli,batch2,unique,103,862248,no,no,no,yes
L5,cattle,esblecoli,batch2,unique,101,839988,no,no,no,yes
L6,cattle,esblecoli,batch2,unique,87,721130,no,no,no,yes
L7,cattle,esblecoli,batch2,unique,65,542394,no,no,no,yes
L9,cattle,esblecoli,batch2,unique,93,775760,no,no,no,yes
L10,cattle,esblecoli,batch2,unique,104,864138,no,no,no,yes
L11,cattle,esblecoli,batch2,unique,99,821989,no,no,no,yes
L12,cattle,esblecoli,batch2,unique,104,869279,no,no,no,yes
L13,cattle,esblecoli,batch2,unique,96,799792,no,no,no,yes
L14,cattle,esblecoli,batch2,unique,91,757568,no,no,no,yes
L15,cattle,esblecoli,batch2,unique,109,904976,no,no,no,yes
L16,cattle,esblecoli,batch2,unique,74,615267,no,no,no,yes
L17,cattle,esblecoli,batch2,unique,96,796944,no,no,no,yes
L18r1,cattle,esblecoli,batch2,unique,76,635098,no,no,no,yes
L18r2,cattle,esblecoli,batch2,unique,87,725095,no,no,no,yes
L18r3,cattle,esblecoli,batch2,unique,71,594001,no,no,no,yes
L19r1,cattle,esblecoli,batch2,unique,92,766448,no,no,no,yes
L19r2,cattle,esblecoli,batch2,unique,76,636436,no,no,no,yes
L19r3,cattle,esblecoli,batch2,unique,77,638549,no,no,no,yes
L20r1,cattle,esblecoli,batch2,unique,82,685390,no,no,no,yes
L20r2,cattle,esblecoli,batch2,unique,82,683243,no,no,no,yes
L20r3,cattle,esblecoli,batch2,unique,89,737970,no,no,no,yes
W1r1,wildlife,esblecoli,batch2,unique,79,660901,no,no,no,yes
W1r2,wildlife,esblecoli,batch2,unique,84,701518,no,no,no,yes
W1r3,wildlife,esblecoli,batch2,unique,81,677494,no,no,no,yes
W2r1,wildlife,esblecoli,batch2,unique,92,767564,no,no,no,yes
W3r1,wildlife,esblecoli,batch2,unique,84,702973,no,no,no,yes
W3r2,wildlife,esblecoli,batch2,unique,80,666937,no,no,no,yes
W3r3,wildlife,esblecoli,batch2,unique,85,710056,no,no,no,yes
W5r2,wildlife,esblecoli,batch2,unique,82,682580,no,no,no,yes
W5r3,wildlife,esblecoli,batch2,unique,71,590604,no,no,no,yes
W7r1,wildlife,esblecoli,batch2,unique,83,693047,no,no,no,yes
W7r2,wildlife,esblecoli,batch2,unique,70,581519,no,no,no,yes
W7r3,wildlife,esblecoli,batch2,unique,69,577003,no,no,no,yes
W8r1,wildlife,esblecoli,batch2,unique,76,633871,no,no,no,yes
W8r2,wildlife,esblecoli,batch2,unique,83,694620,no,no,no,yes
W8r3,wildlife,esblecoli,batch2,unique,87,723993,no,no,no,yes
W9r1,wildlife,esblecoli,batch2,unique,78,645919,no,no,no,yes
W9r2,wildlife,esblecoli,batch2,unique,71,594410,no,no,no,yes
W9r3,wildlife,esblecoli,batch2,unique,78,649397,no,no,no,yes
W10r1,wildlife,esblecoli,batch2,unique,74,617662,no,no,no,yes
W10r2,wildlife,esblecoli,batch2,unique,90,748070,no,no,no,yes
W10r3,wildlife,esblecoli,batch2,unique,73,607262,no,no,no,yes
W13r2,wildlife,esblecoli,batch2,unique,72,599424,no,no,no,yes
W13r3,wildlife,esblecoli,batch2,unique,67,559398,no,no,no,yes
W14r1,wildlife,esblecoli,batch2,unique,73,606561,no,no,no,yes
W14r2,wildlife,esblecoli,batch2,unique,89,742654,no,no,no,yes
W14r3,wildlife,esblecoli,batch2,unique,68,565642,no,no,no,yes
W15r1,wildlife,esblecoli,batch2,unique,69,574667,no,no,no,yes
W15r2,wildlife,esblecoli,batch2,unique,75,621152,no,no,no,yes
W15r3,wildlife,esblecoli,batch2,unique,75,621611,no,no,no,yes
USZinv1,clinics,esblecoli,batch2,unique,108,899408,no,no,no,yes
USZinv2,clinics,esblecoli,batch2,unique,108,903462,no,no,no,yes
USZinv3,clinics,esblecoli,batch2,unique,105,871328,no,no,no,yes
USZinv4,clinics,esblecoli,batch2,unique,107,893232,no,no,no,yes
USZinv5,clinics,esblecoli,batch2,unique,93,774719,no,no,no,yes
USZinv6,clinics,esblecoli,batch2,unique,98,814188,no,no,no,yes
USZinv7,clinics,esblecoli,batch2,unique,101,842345,no,no,no,yes
USZinv8,clinics,esblecoli,batch2,unique,72,603460,no,no,no,yes
USZinv10,clinics,esblecoli,batch2,unique,78,652340,no,no,no,yes
USZinv11,clinics,esblecoli,batch2,unique,85,708318,no,no,no,yes
USZinv12,clinics,esblecoli,batch2,unique,75,627097,no,no,no,yes
USZinv14,clinics,esblecoli,batch2,unique,103,857823,no,no,no,yes
20211123gen4,wastewater,esblecoli,batch2,resequenced,68,562526,no,no,no,yes
20220215lug2,wastewater,esblecoli,batch2,resequenced,75,626288,no,no,no,yes
20220215zur2,wastewater,esblecoli,batch2,resequenced,67,561082,no,no,no,yes
20220510zur3,wastewater,esblecoli,batch2,resequenced,69,574149,no,no,no,yes
20221122chu5,wastewater,esblecoli,batch2,resequenced,63,522146,no,no,no,yes
20221122lug1,wastewater,esblecoli,batch2,resequenced,65,539423,no,no,no,yes
KSGR69,clinics,esblecoli,batch2,resequenced,61,507647,no,no,no,yes
USB11,clinics,esblecoli,batch2,resequenced,58,484488,no,no,no,yes
USB2,clinics,esblecoli,batch2,resequenced,65,539976,no,no,no,yes
USZ84,clinics,esblecoli,batch2,resequenced,59,495220,no,no,no,yes
20220705lug6,wastewater,esblecoli,batch2,unique,64,530291,no,no,no,yes
20220802lug2,wastewater,esblecoli,batch2,unique,64,529820,no,no,no,yes
20220830alt6,wastewater,esblecoli,batch2,unique,76,632896,no,no,no,yes
20220830gen8,wastewater,esblecoli,batch2,unique,67,556376,no,no,no,yes
20220830zur6,wastewater,esblecoli,batch2,unique,61,507796,no,no,no,yes
20221122chu10,wastewater,esblecoli,batch2,unique,62,515405,no,no,no,yes
20221122zur2,wastewater,esblecoli,batch2,unique,68,563715,no,no,no,yes
20231029chu1,wastewater,esblecoli,batch2,unique,59,489180,no,no,no,yes
20231029chu2,wastewater,esblecoli,batch2,unique,65,538932,no,no,no,yes
20231029chu3,wastewater,esblecoli,batch2,unique,79,660264,no,no,no,yes
20231029chu4,wastewater,esblecoli,batch2,unique,69,575142,no,no,no,yes
20231029chu5,wastewater,esblecoli,batch2,unique,64,532317,no,no,no,yes
20231029zur1,wastewater,esblecoli,batch2,unique,56,467237,no,no,no,yes
20231029zur2,wastewater,esblecoli,batch2,unique,63,521721,no,no,no,yes
20231029zur3,wastewater,esblecoli,batch2,unique,67,561033,no,no,no,yes
20231029zur4,wastewater,esblecoli,batch2,unique,56,466757,no,no,no,yes
20231029zur5,wastewater,esblecoli,batch2,unique,43,356431,no,no,no,yes
20231030lug1,wastewater,esblecoli,batch2,unique,65,537507,no,no,no,yes
20231030lug2,wastewater,esblecoli,batch2,unique,65,544818,no,no,no,yes
20231030lug3,wastewater,esblecoli,batch2,unique,66,551630,no,no,no,yes
20231030lug4,wastewater,esblecoli,batch2,unique,50,416679,no,no,no,yes
20231030lug5,wastewater,esblecoli,batch2,unique,69,573890,no,no,no,yes
20231030sen1,wastewater,esblecoli,batch2,unique,51,425770,no,no,no,yes
20231030sen2,wastewater,esblecoli,batch2,unique,55,456544,no,no,no,yes
20231030sen3,wastewater,esblecoli,batch2,unique,72,602935,no,no,no,yes
20231030sen4,wastewater,esblecoli,batch2,unique,68,566659,no,no,no,yes
20231030alt1,wastewater,esblecoli,batch2,unique,61,506835,no,no,no,yes
20231030alt2,wastewater,esblecoli,batch2,unique,73,604541,no,no,no,yes
20231030alt3,wastewater,esblecoli,batch2,unique,79,658362,no,no,no,yes
20231030alt4,wastewater,esblecoli,batch2,unique,51,425085,no,no,no,yes
20231030alt5,wastewater,esblecoli,batch2,unique,61,505812,no,no,no,yes
20231031gen1,wastewater,esblecoli,batch2,unique,60,504030,no,no,no,yes
20231031gen3,wastewater,esblecoli,batch2,unique,57,471612,no,no,no,yes
20231031gen4,wastewater,esblecoli,batch2,unique,61,511040,no,no,no,yes
20231031gen5,wastewater,esblecoli,batch2,unique,59,489650,no,no,no,yes
20211116gen1,wastewater,esblecoli,batch1,unique,71,590689,yes,no,na,no
20211123alt4,wastewater,esblecoli,batch1,unique,55,456975,yes,no,na,no
20211123gen4,wastewater,esblecoli,batch1,unique,1,11863,no,yes,na,no
20211123lug3,wastewater,esblecoli,batch1,duplicate,42,353281,no,no,no,no
20211123sen3,wastewater,esblecoli,batch1,duplicate,53,444097,no,no,no,no
20211214alt1,wastewater,esblecoli,batch1,unique,46,386056,yes,no,na,no
20211214zur1,wastewater,esblecoli,batch1,unique,36,304162,no,no,yes,no
20220118alt2,wastewater,esblecoli,batch1,unique,45,373023,no,no,yes,no
20220215gen4,wastewater,esblecoli,batch1,unique,49,408430,yes,no,na,no
20220215lug2,wastewater,esblecoli,batch1,unique,0,425,no,yes,na,no
20220215zur2,wastewater,esblecoli,batch1,unique,0,4079,no,yes,na,no
20220315gen3,wastewater,esblecoli,batch1,unique,57,474721,yes,no,na,no
20220315lug2,wastewater,esblecoli,batch1,unique,57,479126,no,no,yes,no
20220315sen4,wastewater,esblecoli,batch1,unique,47,393538,yes,no,na,no
20220412lug2,wastewater,esblecoli,batch1,unique,37,304590,yes,no,na,no
20220412sen1,wastewater,esblecoli,batch1,unique,45,376457,no,no,yes,no
20220510chu3,wastewater,esblecoli,batch1,duplicate,35,293746,no,no,no,no
20220510lug3,wastewater,esblecoli,batch1,duplicate,37,308979,no,no,no,no
20220510sen1,wastewater,esblecoli,batch1,unique,71,595260,yes,no,na,no
20220510zur3,wastewater,esblecoli,batch1,unique,2,14792,no,yes,na,no
20220705alt5,wastewater,esblecoli,batch1,unique,47,391823,no,no,yes,no
20220705chu5,wastewater,esblecoli,batch1,unique,52,433613,no,no,yes,no
20220705gen1,wastewater,esblecoli,batch1,unique,60,500766,yes,no,na,no
20220705lug1,wastewater,esblecoli,batch1,unique,53,439261,yes,no,na,no
20220705lug3,wastewater,esblecoli,batch1,unique,53,439891,yes,no,na,no
20220705lug5,wastewater,esblecoli,batch1,unique,1,7733,no,yes,na,no
20220705sen1,wastewater,esblecoli,batch1,unique,50,418733,no,no,yes,no
20220802lug1,wastewater,esblecoli,batch1,unique,53,442493,yes,no,na,no
20220802lug9,wastewater,esblecoli,batch1,duplicate,57,476006,no,no,no,no
20220802sen1,wastewater,esblecoli,batch1,duplicate,58,479385,no,no,no,no
20220830alt5,wastewater,esblecoli,batch1,unique,61,505893,yes,no,na,no
20220830gen7,wastewater,esblecoli,batch1,unique,64,505893,yes,no,na,no
20220830zur5,wastewater,esblecoli,batch1,unique,67,505893,yes,no,na,no
20220927gen1,wastewater,esblecoli,batch1,unique,44,505893,no,no,yes,no
20221025lug7,wastewater,esblecoli,batch1,duplicate,61,508701,no,no,no,no
20221025lug9,wastewater,esblecoli,batch1,duplicate,61,506692,no,no,no,no
20221122alt7,wastewater,esblecoli,batch1,unique,49,505893,no,no,yes,no
20221122chu5,wastewater,esblecoli,batch1,unique,0,411,no,yes,na,no
20221122chu9,wastewater,esblecoli,batch1,unique,58,505893,yes,no,na,no
20221122Lug1,wastewater,esblecoli,batch1,unique,0,3250,no,yes,na,no
20221122zur1,wastewater,esblecoli,batch1,unique,54,505893,yes,no,na,no
AE_plate1,na,negative_control,batch1,control,0,0,na,yes,na,no
AE_plate2,na,negative_control,batch1,control,0,0,na,yes,na,no
AE_plate3,na,negative_control,batch1,control,0,0,na,yes,na,no
AE_plate4,na,negative_control,batch1,control,0,0,na,yes,na,no
AE_plate5,na,negative_control,batch1,control,0,0,na,yes,na,no
AE_plate6,na,negative_control,batch1,control,0,0,na,yes,na,no
AE_plate7,na,negative_control,batch1,control,48,505893,yes,no,na,no
AE_plate8,na,negative_control,batch1,control,0,0,na,yes,na,no
EOC18,clinics,esblecoli,batch1,unique,27,505893,no,no,yes,no
HH16H_plate1,na,ecoli_control_strain1,batch1,control,37,505893,no,no,na,no
HH16H_plate2,na,ecoli_control_strain1,batch1,control,43,505893,no,no,na,no
HH16H_plate3,na,ecoli_control_strain1,batch1,control,60,505893,no,no,na,no
HH16H_plate4,na,ecoli_control_strain1,batch1,control,53,505893,no,no,na,no
HH16H_plate5,na,ecoli_control_strain1,batch1,control,44,505893,no,no,na,no
HH16H_plate6,na,ecoli_control_strain1,batch1,control,64,505893,no,no,na,no
HH16H_plate7,na,ecoli_control_strain1,batch1,control,52,505893,no,no,na,no
HH16H_plate8,na,ecoli_control_strain1,batch1,control,51,505893,no,no,na,no
KPR884_plate1,na,klebsiella_control_strain1,batch1,control,41,505893,no,no,na,no
KPR884_plate2,na,klebsiella_control_strain1,batch1,control,45,505893,no,no,na,no
KPR884_plate3,na,klebsiella_control_strain1,batch1,control,52,505893,no,no,na,no
KPR884_plate4,na,klebsiella_control_strain1,batch1,control,61,505893,no,no,na,no
KPR884_plate5,na,klebsiella_control_strain1,batch1,control,47,505893,no,no,na,no
KPR884_plate6,na,klebsiella_control_strain1,batch1,control,53,505893,no,no,na,no
KPR884_plate7,na,klebsiella_control_strain1,batch1,control,53,505893,no,no,na,no
KPR884_plate8,na,klebsiella_control_strain1,batch1,control,60,505893,no,no,na,no
KPS100_plate4,na,klebsiella_control_strain2,batch1,control,55,505893,no,no,na,no
KPS100_plate5,na,klebsiella_control_strain2,batch1,control,47,505893,no,no,na,no
KPS100_plate6,na,klebsiella_control_strain2,batch1,control,54,505893,no,no,na,no
KPS100_plate7,na,klebsiella_control_strain2,batch1,control,55,505893,no,no,na,no
KPS100_plate8,na,klebsiella_control_strain2,batch1,control,54,505893,no,no,na,no
KSGR17,clinics,esblecoli,batch1,unique,44,505893,yes,no,na,no
KSGR21,clinics,esblecoli,batch1,unique,45,505893,yes,no,na,no
KSGR33,clinics,esblecoli,batch1,unique,45,505893,no,no,yes,no
KSGR35,clinics,esblecoli,batch1,duplicate,49,404659,no,no,no,no
KSGR36,clinics,esblecoli,batch1,duplicate,42,345845,no,no,no,no
KSGR52,clinics,esblecoli,batch1,unique,79,505893,yes,no,na,no
KSGR69,clinics,esblecoli,batch1,unique,1,9067,no,yes,na,no
KSGR71,clinics,esblecoli,batch1,unique,53,505893,yes,no,na,no
MCL22,clinics,esblecoli,batch1,unique,69,505893,no,no,yes,no
MCL44,clinics,esblecoli,batch1,unique,63,505893,yes,no,na,no
MCL44,clinics,esblecoli,batch1,duplicate,61,505893,yes,no,na,no
MCL45,clinics,esblecoli,batch1,duplicate,67,560969,no,no,no,no
MCL53,clinics,esblecoli,batch1,unique,76,505893,yes,no,na,no
trasher039_plate1,na,ecoli_control_strain2,batch1,control,45,375660,no,no,na,no
trasher039_plate2,na,ecoli_control_strain2,batch1,control,47,388833,no,no,na,no
trasher039_plate3,na,ecoli_control_strain2,batch1,control,45,370923,no,no,na,no
trasher039_plate4,na,ecoli_control_strain2,batch1,control,42,346531,no,no,na,no
trasher039_plate5,na,ecoli_control_strain2,batch1,control,54,450482,no,no,na,no
trasher039_plate6,na,ecoli_control_strain2,batch1,control,43,361714,no,no,na,no
trasher039_plate7,na,ecoli_control_strain2,batch1,control,61,507162,no,no,na,no
trasher039_plate8,na,ecoli_control_strain2,batch1,control,55,454372,no,no,na,no
USB1,clinics,esblecoli,batch1,unique,64,505893,no,no,yes,no
USB11,clinics,esblecoli,batch1,unique,0,584,no,yes,na,no
USB18,clinics,esblecoli,batch1,unique,72,505893,no,no,yes,no
USB2,clinics,esblecoli,batch1,unique,0,2410,no,yes,na,no
USB21,clinics,esblecoli,batch1,unique,23,505893,no,no,yes,no
USB25,clinics,esblecoli,batch1,unique,30,505893,no,no,yes,no
USB32,clinics,esblecoli,batch1,unique,48,505893,no,no,yes,no
USB39,clinics,esblecoli,batch1,unique,42,505893,no,no,yes,no
USB44,clinics,esblecoli,batch1,unique,52,505893,no,no,yes,no
USZ16,clinics,esblecoli,batch1,unique,58,505893,yes,no,na,no
USZ2,clinics,esblecoli,batch1,unique,65,505893,yes,no,na,no
USZ2,clinics,esblecoli,batch1,duplicate,61,505893,yes,no,na,no
USZ20,clinics,esblecoli,batch1,duplicate,44,365877,no,no,no,no
USZ27,clinics,esblecoli,batch1,unique,50,505893,yes,no,na,no
USZ33,clinics,esblecoli,batch1,unique,59,505893,yes,no,na,no
USZ40,clinics,esblecoli,batch1,unique,27,505893,yes,no,na,no
USZ43,clinics,esblecoli,batch1,unique,66,505893,no,no,yes,no
USZ5,clinics,esblecoli,batch1,unique,47,505893,yes,no,na,no
USZ76,clinics,esblecoli,batch1,unique,71,505893,yes,no,na,no
USZ84,clinics,esblecoli,batch1,unique,16,134749,no,yes,na,no
ZLMSG8,clinics,esblecoli,batch1,duplicate,56,464222,no,no,no,no
ZLMSG9,clinics,esblecoli,batch1,duplicate,52,431580,no,no,no,no
20220705gen2,wastewater,esblecoli,batch2,unique,76,633795,yes,no,na,no
20220705lug4,wastewater,esblecoli,batch2,unique,69,575221,yes,no,na,no
20220705lug5,wastewater,esblecoli,batch2,resequenced,6,48337,no,yes,na,no
20231030sen5,wastewater,esblecoli,batch2,unique,57,505893,yes,no,na,no
20231031gen2,wastewater,esblecoli,batch2,unique,64,505893,yes,no,na,no
AE_plate1a,na,negative_control,batch2,control,0,0,no,yes,na,no
AE_plate1b,na,negative_control,batch2,control,0,0,no,yes,na,no
AE_plate1c,na,negative_control,batch2,control,0,2,no,yes,na,no
AE_plate2,na,negative_control,batch2,control,0,0,no,yes,na,no
HH16H_plate2,na,ecoli_control_strain1,batch2,control,55,458941,no,no,na,no
KPR884_plate1,na,klebsiella_control_strain1,batch2,control,77,644365,no,no,na,no
KPS100_plate1,na,klebsiella_control_strain2,batch2,control,70,587334,no,no,na,no
KPS100_plate2,na,klebsiella_control_strain2,batch2,control,52,431323,no,no,na,no
L8,cattle,esblecoli,batch2,unique,1,505893,no,yes,na,no
MCL44,clinics,esblecoli,batch2,duplicate,72,599640,yes,no,na,no
MCL44,clinics,esblecoli,batch2,resequenced,72,598744,yes,no,na,no
trasher039,na,ecoli_control_strain2,batch2,control,89,744672,no,no,na,no
USZ2,clinics,esblecoli,batch2,resequenced,61,507964,yes,no,na,no
USZ2,clinics,esblecoli,batch2,duplicate,67,555745,yes,no,na,no
USZinv11,clinics,esblecoli,batch2,duplicate,97,805934,no,no,no,no
USZinv12,clinics,esblecoli,batch2,duplicate,97,811571,no,no,no,no
USZinv13,clinics,esblecoli,batch2,unique,6,505893,no,yes,na,no
USZinv9,clinics,esblecoli,batch2,unique,0,505893,no,yes,na,no
W11r2,wildlife,esblecoli,batch2,unique,81,672609,yes,no,na,no
W11r3,wildlife,esblecoli,batch2,unique,83,694056,yes,no,na,no
W12r1,wildlife,esblecoli,batch2,unique,77,639821,yes,no,na,no
W12r2,wildlife,esblecoli,batch2,unique,74,618612,yes,no,na,no
W12r3,wildlife,esblecoli,batch2,unique,65,541137,yes,no,na,no
W2r2,wildlife,esblecoli,batch2,unique,0,505893,no,yes,na,no
W4r1,wildlife,esblecoli,batch2,unique,90,753230,yes,no,na,no
W4r2,wildlife,esblecoli,batch2,unique,78,648647,yes,no,na,no
W4r3,wildlife,esblecoli,batch2,unique,83,694739,yes,no,na,no
W5r1,wildlife,esblecoli,batch2,unique,97,806170,no,no,yes,no
W6r1,wildlife,esblecoli,batch2,unique,67,555136,yes,no,na,no
W6r2,wildlife,esblecoli,batch2,unique,75,622652,yes,no,na,no
W6r3,wildlife,esblecoli,batch2,unique,79,658803,yes,no,na,no